flaviojs = Flávio J. Saraiva <flaviojs2005@gmail.com>
FlavioJS = Flávio J. Saraiva <flaviojs2005@gmail.com>
flaviojs2005 = Flávio J. Saraiva <flaviojs2005@gmail.com>
Paradox924X = Nikunj Mehta <paradox924x@gmail.com>
Paradox924x = Nikunj Mehta <paradox924x@gmail.com>

ancyker = ancyker <ancyker@eathena.ws>
ai4rei = ai4rei <ai4rei@eathena.ws>
ajarn = ajarn <ajarn@eathena.ws>
Akaru = Akaru <akaru@eathena.ws>
akrus = akrus <akrus@eathena.ws>
amber = amber <amber@eathena.ws>
Aria = Aria <aria@eathena.ws>
arutema = arutema <arutema@eathena.ws>
blackhole89 = blackhole89 <blackhole89@eathena.ws>
brianluau = brianluau <brianluau@eathena.ws>
celest = celest <celest@eathena.ws>
CIA-2 = CIA-2 <cia-2@eathena.ws>
clownisius = clownisius <clownisius@eathena.ws>
codemaster = codemaster <codemaster@eathena.ws>
davidsiaw = davidsiaw <davidsiaw@eathena.ws>
DracoRPG = DracoRPG <dracorpg@eathena.ws>
DZeroX = DZeroX <dzerox@eathena.ws>
eaac = eaac <eaac@eathena.ws>
Euph = Euph <Euph@eathena.ws>
Evera = Evera <evera@eathena.ws>
evera = Evera <evera@eathena.ws>
Fredzilla = Fredzilla <fredzilla@eathena.ws>
foruken = foruken <foruken@eathena.ws>
Gepard = Gepard <gepard@eathena.ws>
Harbin = Harbin <harbin@eathena.ws>
Inkfish = Inkfish <inkfish@eathena.ws>
jmanfffreak = jmanfffreak <jmanfffreak@eathena.ws>
Kargha = Kargha <kargha@eathena.ws>
KarLaeda = KarLaeda <karlaeda@eathena.ws>
Kayla = Kayla <kayla@eathena.ws>
Kevin = Kevin <kevin@eathena.ws>
killercube = killercube <killercube@eathena.ws>
Kisuka = Kisuka <kisuka@eathena.ws>
kobra_k88 = kobra_k88 <kobra_k88@eathena.ws>
Komurka = Komurka <komurka@eathena.ws>
L0neW0lf.eAthena = L0ne_W0lf <l0ne_w0lf@eathena.ws>
L0ne.W0lf.eAthena@gmail.com = L0ne_W0lf <l0ne_w0lf@eathena.ws>
L0ne_W0lf = L0ne_W0lf <l0ne_w0lf@eathena.ws>
Lance = Lance <lance@eathena.ws>
littlewolf = littlewolf <littlewolf@eathena.ws>
Lupus = Lupus <Lupus@eathena.ws>
LuzZza = LuzZza <luzzza@eathena.ws>
Mass = Mass <mass@eathena.ws>
massdriller = massdriller <massdriller@eathena.ws>
MasterOfMuppets = MasterOfMuppets <masterofmuppets@eathena.ws>
mc_cameri = mc_cameri <mc_cameri@eathena.ws>
mksm = mksm <mksm@eathena.ws>
mousejstr = mousejstr <mousejstr@eathena.ws>
musashiden = musashiden <musashiden@eathena.ws>
nana = nana <nana@eathena.ws>
Nasedo = Nasedo <nasedo@eathena.ws>
Nexon = Nexon <nexon@eathena.ws>
nsstrunks = nsstrunks <nsstrunks@eathena.ws>
Playtester = Playtester <playtester@eathena.ws>
Poki#3 = Poki#3 <poki#3@eathena.ws>
reddozen = reddozen <reddozen@eathena.ws>
samuray22 = samuray22 <samuray22@eathena.ws>
Sara = Sara <sara@eathena.ws>
shadow = shadow <shadow@eathena.ws>
shadoweathena = shadoweathena <shadoweathena@eathena.ws>
shadowlady = shadowlady <shadowlady@eathena.ws>
Shinigami = Shinigami <shinigami@eathena.ws>
shinomori = shinomori <shinomori@eathena.ws>
SinSloth = SinSloth <sinsloth@eathena.ws>
sirius = sirius <sirius@eathena.ws>
SketchyPhoenix = SketchyPhoenix <sketchyphoenix@eathena.ws>
sketchyphoenix = SketchyPhoenix <sketchyphoenix@eathena.ws>
Skotlex = Skotlex <skotlex@mailforce.net>
skotlex = Skotlex <skotlex@mailforce.net>
skotlex@mailforce.net = Skotlex <skotlex@mailforce.net>
spira = spira <spira@eathena.ws>
theultramage = ultramage <ultramage@eathena.ws>
toms = toms <toms@eathena.ws>
ultramage = ultramage <ultramage@eathena.ws>
Valaris = Valaris <valaris@eathena.ws>
valaris = Valaris <valaris@eathena.ws>
veider = veider <veider@eathena.ws>
Vicious = Vicious <vicious@eathena.ws>
wizputer = wizputer <wizputer@eathena.ws>
yomanda = yomanda <yomanda@eathena.ws>
Yommy = Yommy <yommy@eathena.ws>
zapbomb = zapbomb <zapbomb@eathena.ws>
Zephiris = Zephiris <zephiris@eathena.ws>
zephyrus = Zephyrus <zephyrus@eathena.ws>
Zido = Zido <zido@eathena.ws>
zido = Zido <zido@eathena.ws>
ZoDIaC = ZoDIaC <zodiac@eathena.ws>

(no author) = Anonymous <anonymous@eathena.ws>
